Player,Game,Team,Hero,Stat,Role,Best Attribute,Actual Result
1,1,1,95,1,0,0,1
2,1,1,28,1,1,1,1
3,1,1,26,0,2,0,1
4,1,1,30,0,3,2,1
5,1,2,95,1,0,0,0
6,1,2,47,0,3,1,0
7,1,2,20,1,5,0,0
8,1,2,9,0,1,1,0
9,2,3,75,0,0,0,1
10,2,3,42,0,5,2,1
11,2,3,28,1,1,1,1
12,2,3,30,0,3,2,1
13,2,4,90,1,0,0,0
14,2,4,25,0,3,0,0
15,2,4,34,0,5,2,0
16,2,4,31,0,1,1,0
17,3,5,50,0,3,1,0
18,3,5,28,1,1,1,0
19,3,5,5,1,2,0,0
20,3,5,95,1,0,0,0
21,3,6,75,0,0,0,1
22,3,6,36,1,1,1,1
23,3,6,14,1,2,0,1
24,3,6,76,1,5,2,1
25,4,7,31,0,1,1,1
26,4,7,50,0,3,1,1
27,4,7,75,0,0,0,1
28,4,7,35,1,2,0,1
29,4,8,44,0,1,1,0
30,4,8,35,1,2,0,0
31,4,8,25,0,3,2,0
32,4,8,65,1,5,0,0
33,5,9,62,0,0,0,1
34,5,9,26,0,2,0,1
35,5,9,52,0,1,1,1
36,5,9,76,1,5,2,1
37,5,10,31,0,1,1,0
38,5,10,17,1,3,2,0
39,5,10,95,1,0,0,0
40,5,10,15,1,5,2,0
41,6,11,75,0,0,0,1
42,6,11,5,1,2,0,1
43,6,11,93,0,3,1,1
44,6,11,2,0,5,0,1
45,6,12,95,1,0,0,0
46,6,12,14,1,2,0,0
47,6,12,47,0,3,1,0
48,6,12,42,0,5,2,0
49,7,13,28,1,1,1,1
50,7,13,11,1,5,1,1
51,7,13,18,0,3,2,1
52,7,13,54,0,2,0,1
53,7,14,95,1,0,0,0
54,7,14,36,1,1,1,0
55,7,14,47,0,3,1,0
56,7,14,34,0,5,2,0
57,8,15,5,1,2,0,1
58,8,15,30,0,3,2,1
59,8,15,92,1,0,0,1
60,8,15,52,0,1,1,1
61,8,16,20,1,5,0,0
62,8,16,47,0,3,1,0
63,8,16,95,1,0,0,0
64,8,16,54,0,2,0,0
65,9,17,92,1,0,0,1
66,9,17,52,0,1,1,1
67,9,17,84,1,3,2,1
68,9,17,93,0,3,1,1
69,9,18,28,1,1,1,0
70,9,18,93,0,3,1,0
71,9,18,65,1,5,0,0
72,9,18,5,1,2,0,0
73,10,19,75,0,0,0,1
74,10,19,19,0,2,0,1
75,10,19,28,1,1,1,1
76,10,19,93,0,3,1,1
77,10,20,19,0,2,0,0
78,10,20,75,0,0,0,0
79,10,20,42,0,5,2,0
80,10,20,25,0,3,2,0
81,11,21,92,1,0,0,1
82,11,21,11,1,5,1,1
83,11,21,69,0,1,1,1
84,11,21,25,0,3,2,1
85,11,22,71,0,2,0,0
86,11,22,30,0,3,2,0
87,11,22,62,0,0,0,0
88,11,22,15,1,5,2,0
89,12,23,62,0,0,0,0
90,12,23,19,0,2,0,0
91,12,23,65,1,5,0,0
92,12,23,31,0,1,1,0
93,12,24,20,1,5,0,1
94,12,24,17,1,3,2,1
95,12,24,62,0,0,0,1
96,12,24,35,1,2,0,1
97,13,25,17,1,3,2,0
98,13,25,95,1,0,0,0
99,13,25,9,0,1,1,0
100,13,25,84,1,3,2,0
101,13,26,28,1,1,1,1
102,13,26,25,0,3,2,1
103,13,26,95,1,0,0,1
104,13,26,35,1,2,0,1
105,14,27,76,1,5,2,1
106,14,27,17,1,3,2,1
107,14,27,62,0,0,0,1
108,14,27,28,1,1,1,1
109,14,28,102,1,0,0,0
110,14,28,36,1,1,1,0
111,14,28,84,1,3,2,0
112,14,28,53,0,2,0,0
113,15,29,92,1,0,0,1
114,15,29,41,0,5,0,1
115,15,29,53,0,2,0,1
116,15,29,93,0,3,1,1
117,15,30,65,1,5,0,0
118,15,30,53,0,2,0,0
119,15,30,93,0,3,1,0
120,15,30,36,1,1,1,0
121,16,31,62,0,0,0,1
122,16,31,18,0,3,2,1
123,16,31,53,0,2,0,1
124,16,31,31,0,1,1,1
125,16,32,62,0,0,0,0
126,16,32,34,0,5,2,0
127,16,32,35,1,2,0,0
128,16,32,36,1,1,1,0
129,17,33,76,1,5,2,1
130,17,33,50,0,3,1,1
131,17,33,26,0,2,0,1
132,17,33,25,0,3,2,1
133,17,34,50,0,3,1,0
134,17,34,70,0,5,2,0
135,17,34,62,0,0,0,0
136,17,34,31,0,1,1,0
137,18,35,75,0,0,0,0
138,18,35,65,1,5,0,0
139,18,35,35,1,2,0,0
140,18,35,47,0,3,1,0
141,18,36,44,0,3,1,1
142,18,36,34,0,5,2,1
143,18,36,62,0,0,0,1
144,18,36,54,0,2,0,1
145,19,37,92,1,0,0,0
146,19,37,5,1,2,0,0
147,19,37,42,0,5,2,0
148,19,37,47,0,3,1,0
149,19,38,50,0,3,1,1
150,19,38,2,0,5,0,1
151,19,38,62,0,0,0,1
152,19,38,19,0,2,0,1
153,20,39,92,1,0,0,1
154,20,39,47,0,3,1,1
155,20,39,70,0,5,2,1
156,20,39,14,1,2,0,1
157,20,40,90,1,0,0,0
158,20,40,30,0,3,2,0
159,20,40,14,1,2,0,0
160,20,40,44,0,1,1,0
161,21,41,92,1,0,0,1
162,21,41,25,0,3,2,1
163,21,41,9,0,1,1,1
164,21,41,35,1,2,0,1
165,21,42,2,0,5,0,0
166,21,42,25,0,3,2,0
167,21,42,90,1,0,0,0
168,21,42,52,0,1,1,0
169,22,43,62,0,0,0,1
170,22,43,31,0,1,1,1
171,22,43,35,1,2,0,1
172,22,43,50,0,3,1,1
173,22,44,30,0,3,2,0
174,22,44,19,0,2,0,0
175,22,44,90,1,0,0,0
176,22,44,31,0,1,1,0
177,23,45,11,1,5,1,1
178,23,45,25,0,3,2,1
179,23,45,14,1,2,0,1
180,23,45,95,1,0,0,1
181,23,46,90,1,0,0,0
182,23,46,36,1,1,1,0
183,23,46,65,1,5,0,0
184,23,46,71,0,2,0,0
185,24,47,15,1,5,2,1
186,24,47,31,0,1,1,1
187,24,47,50,0,3,1,1
188,24,47,5,1,2,0,1
189,24,48,70,0,5,2,0
190,24,48,9,0,1,1,0
191,24,48,25,0,3,2,0
192,24,48,95,1,0,0,0
193,25,49,92,1,0,0,1
194,25,49,18,0,3,2,1
195,25,49,53,0,2,0,1
196,25,49,28,1,1,1,1
197,25,50,20,1,5,0,0
198,25,50,30,0,3,2,0
199,25,50,90,1,0,0,0
200,25,50,44,0,1,1,0
201,26,51,54,0,2,0,1
202,26,51,34,0,5,2,1
203,26,51,31,0,1,1,1
204,26,51,47,0,3,1,1
205,26,52,65,1,5,0,0
206,26,52,28,1,1,1,0
207,26,52,30,0,3,2,0
208,26,52,26,0,2,0,0
209,27,53,92,1,0,0,1
210,27,53,17,1,3,2,1
211,27,53,69,0,1,1,1
212,27,53,26,0,2,0,1
213,27,54,90,1,0,0,0
214,27,54,93,0,3,1,0
215,27,54,30,1,5,0,0
216,27,54,5,1,2,0,0
217,28,55,92,1,0,0,0
218,28,55,19,0,2,0,0
219,28,55,47,0,3,1,0
220,28,55,70,0,5,2,0
221,28,56,34,0,5,2,1
222,28,56,62,0,0,0,1
223,28,56,52,0,1,1,1
224,28,56,54,0,2,0,1
225,29,57,17,1,3,2,0
226,29,57,28,1,1,1,0
227,29,57,95,1,0,0,0
228,29,57,53,0,2,0,0
229,29,58,69,0,1,1,1
230,29,58,41,0,5,0,1
231,29,58,50,0,3,1,1
232,29,58,26,0,2,0,1
233,30,59,62,0,0,0,0
234,30,59,53,0,2,0,0
235,30,59,41,0,5,0,0
236,30,59,31,0,1,1,0
237,30,60,53,0,2,0,1
238,30,60,44,0,1,1,1
239,30,60,65,1,5,0,1
240,30,60,17,1,3,2,1
241,31,61,90,1,0,0,1
242,31,61,42,0,5,2,1
243,31,61,26,0,2,0,1
244,31,61,17,1,3,2,1
245,31,62,14,1,2,0,0
246,31,62,44,0,1,1,0
247,31,62,75,0,0,0,0
248,31,62,42,0,5,2,0
249,32,63,95,1,0,0,1
250,32,63,25,0,3,2,1
251,32,63,19,0,2,0,1
252,32,63,52,0,1,1,1
253,32,64,47,0,3,1,0
254,32,64,48,0,5,0,0
255,32,64,65,1,5,0,0
256,32,64,53,0,2,0,0
257,33,65,62,0,0,0,1
258,33,65,18,0,3,2,1
259,33,65,84,1,3,2,1
260,33,65,53,0,2,0,1
261,33,66,30,0,3,2,0
262,33,66,44,0,1,1,0
263,33,66,65,1,5,0,0
264,33,66,53,0,2,0,0
265,34,67,90,1,0,0,0
266,34,67,34,0,5,2,0
267,34,67,26,0,2,0,0
268,34,67,25,0,3,2,0
269,34,68,71,0,2,0,1
270,34,68,48,0,5,0,1
271,34,68,65,1,5,0,1
272,34,68,30,0,3,2,1
273,35,69,93,0,3,1,0
274,35,69,28,1,1,1,0
275,35,69,26,0,2,0,0
276,35,69,90,1,0,0,0
277,35,70,90,1,0,0,1
278,35,70,35,1,2,0,1
279,35,70,25,0,3,2,1
280,35,70,52,0,1,1,1
281,36,71,26,0,2,0,1
282,36,71,28,1,1,1,1
283,36,71,84,1,3,2,1
284,36,71,62,0,0,0,1
285,36,72,84,1,3,2,0
286,36,72,54,0,2,0,0
287,36,72,62,0,0,0,0
288,36,72,47,0,3,1,0
289,37,73,62,0,0,0,1
290,37,73,17,1,3,2,1
291,37,73,54,0,2,0,1
292,37,73,2,0,5,0,1
293,37,74,20,1,5,0,0
294,37,74,93,0,3,1,0
295,37,74,90,1,0,0,0
296,37,74,52,0,1,1,0
297,38,75,102,1,0,0,0
298,38,75,53,0,2,0,0
299,38,75,15,1,5,2,0
300,38,75,30,0,3,2,0
301,38,76,65,1,5,0,1
302,38,76,36,1,0,0,1
303,38,76,50,0,3,1,1
304,38,76,71,0,2,0,1
305,39,77,102,1,0,0,1
306,39,77,18,0,3,2,1
307,39,77,26,0,2,0,1
308,39,77,44,0,1,1,1
309,39,78,42,0,5,2,0
310,39,78,35,1,2,0,0
311,39,78,90,1,0,0,0
312,39,78,52,0,1,1,0
313,40,79,102,1,0,0,0
314,40,79,25,0,3,2,0
315,40,79,20,1,5,0,0
316,40,79,54,0,2,0,0
317,40,80,53,0,2,0,1
318,40,80,52,0,1,1,1
319,40,80,62,0,0,0,1
320,40,80,15,1,5,2,1
321,41,81,17,1,3,2,1
322,41,81,28,1,1,1,1
323,41,81,53,0,2,0,1
324,41,81,90,0,0,0,1
325,41,82,47,0,3,1,0
326,41,82,43,0,5,0,0
327,41,82,65,1,5,0,0
328,41,82,53,0,2,0,0
329,42,83,75,0,0,0,0
330,42,83,17,1,3,2,0
331,42,83,19,0,2,0,0
332,42,83,65,1,5,0,0
333,42,84,93,0,3,1,1
334,42,84,54,0,2,0,1
335,42,84,65,1,5,0,1
336,42,84,28,1,1,1,1
337,43,85,28,1,1,1,1
338,43,85,47,0,3,1,1
339,43,85,84,1,3,2,1
340,43,85,92,1,0,0,1
341,43,86,31,0,1,1,0
342,43,86,35,1,2,0,0
343,43,86,65,1,5,0,0
344,43,86,30,0,3,2,0
345,44,87,95,1,0,0,0
346,44,87,25,0,3,0,0
347,44,87,84,1,3,2,0
348,44,87,19,0,2,0,0
349,44,88,70,0,5,2,1
350,44,88,9,0,1,1,1
351,44,88,75,0,0,0,1
352,44,88,53,0,2,0,1
353,45,89,35,1,2,0,0
354,45,89,47,0,3,1,0
355,45,89,92,1,0,0,0
356,45,89,41,0,5,0,0
357,45,90,35,1,2,0,1
358,45,90,50,0,3,1,1
359,45,90,75,0,0,0,1
360,45,90,34,0,5,2,1
361,46,91,90,0,0,0,0
362,46,91,47,0,3,1,0
363,46,91,34,0,5,2,0
364,46,91,54,0,2,0,0
365,46,92,65,1,5,0,1
366,46,92,93,0,3,1,1
367,46,92,54,0,2,0,1
368,46,92,31,0,1,1,1
369,47,93,95,1,0,0,1
370,47,93,53,0,2,0,1
371,47,93,84,1,3,2,1
372,47,93,9,0,1,1,1
373,47,94,35,1,2,0,0
374,47,94,93,0,3,1,0
375,47,94,95,1,0,0,0
376,47,94,31,0,1,1,0
377,48,95,2,0,5,0,0
378,48,95,93,0,3,1,0
379,48,95,102,1,0,0,0
380,48,95,9,0,1,1,0
381,48,96,31,0,1,1,1
382,48,96,14,1,2,0,1
383,48,96,65,1,5,0,1
384,48,96,17,1,3,2,1
385,49,97,75,0,0,0,1
386,49,97,47,0,3,1,1
387,49,97,15,1,5,2,1
388,49,97,53,0,2,0,1
389,49,98,35,1,2,0,0
390,49,98,25,0,3,0,0
391,49,98,75,0,0,0,0
392,49,98,2,0,5,0,0
393,50,99,47,0,3,1,0
394,50,99,14,1,2,0,0
395,50,99,69,0,1,1,0
396,50,99,90,1,0,0,0
397,50,100,36,1,0,0,1
398,50,100,17,1,3,2,1
399,50,100,62,0,0,0,1
400,50,100,15,1,5,2,1
401,51,101,18,0,3,2,1
402,51,101,92,1,0,0,1
403,51,101,54,0,2,0,1
404,51,101,69,0,1,1,1
405,51,102,31,0,1,1,0
406,51,102,43,0,5,0,0
407,51,102,65,1,5,0,0
408,51,102,50,0,3,1,0
409,52,103,90,1,0,0,0
410,52,103,17,1,3,2,0
411,52,103,5,1,2,0,0
412,52,103,76,1,5,2,0
413,52,104,54,0,2,0,1
414,52,104,30,0,3,2,1
415,52,104,95,1,0,0,1
416,52,104,70,0,5,2,1
417,53,105,65,1,5,0,1
418,53,105,30,0,3,2,1
419,53,105,54,0,2,0,1
420,53,105,28,1,1,1,1
421,53,106,2,0,5,0,0
422,53,106,93,0,3,1,0
423,53,106,90,1,0,0,0
424,53,106,54,0,2,0,0
425,54,107,52,0,1,1,1
426,54,107,50,0,3,1,1
427,54,107,19,0,2,0,1
428,54,107,75,0,0,0,1
429,54,108,28,1,1,1,0
430,54,108,20,1,5,0,0
431,54,108,54,0,2,0,0
432,54,108,58,1,3,2,0
433,55,109,62,0,0,0,1
434,55,109,52,0,1,1,1
435,55,109,50,0,3,1,1
436,55,109,53,0,2,0,1
437,55,110,30,0,3,2,0
438,55,110,41,0,5,0,0
439,55,110,90,1,0,0,0
440,55,110,52,0,1,1,0
441,56,111,75,0,0,0,1
442,56,111,5,1,2,0,1
443,56,111,30,0,3,2,1
444,56,111,84,1,3,2,1
445,56,112,41,0,5,0,0
446,56,112,19,0,2,0,0
447,56,112,75,0,0,0,0
448,56,112,44,0,1,1,0
449,57,113,26,0,2,0,1
450,57,113,50,0,3,1,1
451,57,113,52,0,1,1,1
452,57,113,62,0,0,0,1
453,57,114,30,0,3,2,0
454,57,114,9,0,1,1,0
455,57,114,75,0,0,0,0
456,57,114,41,0,5,0,0
457,58,115,50,0,3,1,0
458,58,115,2,0,5,0,0
459,58,115,92,1,0,0,0
460,58,115,35,1,2,0,0
461,58,116,14,1,2,0,1
462,58,116,93,0,3,1,1
463,58,116,75,0,0,0,1
464,58,116,34,0,5,2,1
465,59,117,102,1,0,0,1
466,59,117,28,1,1,1,1
467,59,117,54,0,2,0,1
468,59,117,17,1,3,2,1
469,59,118,19,0,2,0,0
470,59,118,84,1,3,2,0
471,59,118,90,1,0,0,0
472,59,118,28,1,1,1,0
473,60,119,9,0,1,1,0
474,60,119,35,1,2,0,0
475,60,119,34,0,5,2,0
476,60,119,47,0,3,1,0
477,60,120,95,1,0,0,1
478,60,120,70,0,5,2,1
479,60,120,5,1,2,0,1
480,60,120,31,0,1,1,1
481,61,121,92,1,0,0,1
482,61,121,84,1,3,2,1
483,61,121,19,0,2,0,1
484,61,121,47,0,3,1,1
485,61,122,50,0,3,1,0
486,61,122,5,1,2,0,0
487,61,122,65,1,5,0,0
488,61,122,9,0,1,1,0
489,62,123,31,0,1,1,1
490,62,123,19,0,2,0,1
491,62,123,75,0,0,0,1
492,62,123,42,0,5,2,1
493,62,124,44,0,1,1,0
494,62,124,71,0,2,0,0
495,62,124,65,1,5,0,0
496,62,124,25,0,3,0,0
497,63,125,50,0,3,1,0
498,63,125,26,0,2,0,0
499,63,125,42,0,5,2,0
500,63,125,102,1,0,0,0
501,63,126,28,1,1,1,1
502,63,126,26,0,2,0,1
503,63,126,43,0,5,0,1
504,63,126,65,1,5,0,1
505,64,127,95,1,0,0,0
506,64,127,18,0,3,2,0
507,64,127,53,0,2,0,0
508,64,127,2,0,5,0,0
509,64,128,26,0,2,0,1
510,64,128,31,0,1,1,1
511,64,128,62,0,0,0,1
512,64,128,30,0,3,2,1
513,65,129,19,0,2,0,0
514,65,129,84,1,3,2,0
515,65,129,52,0,1,1,0
516,65,129,102,1,0,0,0
517,65,130,50,0,3,1,1
518,65,130,9,0,1,1,1
519,65,130,65,1,5,0,1
520,65,130,54,0,2,0,1
521,66,131,90,1,0,0,0
522,66,131,47,0,3,1,0
523,66,131,19,0,2,0,0
524,66,131,11,1,5,1,0
525,66,132,28,1,1,1,1
526,66,132,17,1,3,2,1
527,66,132,62,0,0,0,1
528,66,132,2,0,5,0,1
529,67,133,62,0,0,0,1
530,67,133,42,0,5,2,1
531,67,133,53,0,2,0,1
532,67,133,17,1,3,2,1
533,67,134,5,1,2,0,0
534,67,134,36,1,1,1,0
535,67,134,65,1,5,0,0
536,67,134,47,0,3,1,0
537,68,135,90,1,0,0,0
538,68,135,9,0,1,1,0
539,68,135,14,1,2,0,0
540,68,135,47,0,3,1,0
541,68,136,95,1,0,0,1
542,68,136,28,1,1,1,1
543,68,136,70,0,5,2,1
544,68,136,17,1,3,2,1
545,69,137,62,0,0,0,0
546,69,137,76,1,5,2,0
547,69,137,35,1,2,0,0
548,69,137,47,0,3,1,0
549,69,138,5,1,2,0,1
550,69,138,36,1,1,1,1
551,69,138,62,0,0,0,1
552,69,138,70,0,5,2,1
553,70,139,54,0,2,0,1
554,70,139,47,0,3,1,1
555,70,139,9,0,1,1,1
556,70,139,92,1,0,0,1
557,70,140,26,0,2,0,0
558,70,140,28,1,1,1,0
559,70,140,90,1,0,0,0
560,70,140,47,0,3,1,0
561,71,141,95,1,0,0,0
562,71,141,70,0,5,2,0
563,71,141,30,0,3,2,0
564,71,141,52,0,1,1,0
565,71,142,42,0,5,2,1
566,71,142,47,0,3,1,1
567,71,142,90,1,0,0,1
568,71,142,36,1,1,1,1
569,72,143,95,1,0,0,1
570,72,143,34,0,5,2,1
571,72,143,47,0,3,1,1
572,72,143,52,0,1,1,1
573,72,144,71,0,2,0,0
574,72,144,44,0,1,1,0
575,72,144,65,1,5,0,0
576,72,144,47,0,3,1,0
577,73,145,15,1,5,2,0
578,73,145,90,1,0,0,0
579,73,145,54,0,2,0,0
580,73,145,36,1,1,1,0
581,73,146,9,0,1,1,1
582,73,146,95,1,0,0,1
583,73,146,84,1,3,2,1
584,73,146,26,0,2,0,1
585,74,147,95,1,0,0,0
586,74,147,25,0,3,0,0
587,74,147,14,1,2,0,0
588,74,147,76,1,5,2,0
589,74,148,54,0,2,0,1
590,74,148,62,0,0,0,1
591,74,148,11,1,5,1,1
592,74,148,31,0,1,1,1
593,75,149,90,1,0,0,0
594,75,149,36,1,1,1,0
595,75,149,18,0,3,2,0
596,75,149,19,0,2,0,0
597,75,150,31,0,1,1,1
598,75,150,14,1,2,0,1
599,75,150,62,0,0,0,1
600,75,150,34,0,5,2,1
601,76,151,70,0,5,2,0
602,76,151,50,0,3,1,0
603,76,151,102,1,0,0,0
604,76,151,44,0,1,1,0
605,76,152,43,0,5,0,1
606,76,152,9,0,1,1,1
607,76,152,65,1,5,0,1
608,76,152,14,1,2,0,1
609,77,153,9,0,1,1,1
610,77,153,76,1,5,2,1
611,77,153,19,0,2,0,1
612,77,153,25,0,3,0,1
613,77,154,36,1,1,1,0
614,77,154,75,0,0,0,0
615,77,154,54,0,2,0,0
616,77,154,76,1,5,2,0
617,78,155,102,1,0,0,0
618,78,155,47,0,3,1,0
619,78,155,76,1,5,2,0
620,78,155,14,1,2,0,0
621,78,156,28,1,1,1,1
622,78,156,41,0,5,0,1
623,78,156,90,1,0,0,1
624,78,156,14,1,2,0,1
625,79,157,95,1,0,0,0
626,79,157,9,0,1,1,0
627,79,157,17,1,3,2,0
628,79,157,53,0,2,0,0
629,79,158,75,0,0,0,1
630,79,158,52,0,1,1,1
631,79,158,84,1,3,2,1
632,79,158,71,0,2,0,1
633,80,159,92,1,0,0,0
634,80,159,44,0,1,1,0
635,80,159,20,1,5,0,0
636,80,159,30,0,3,2,0
637,80,160,76,1,5,2,1
638,80,160,52,0,1,1,1
639,80,160,75,0,0,0,1
640,80,160,30,0,3,2,1
641,81,161,11,1,5,1,0
642,81,161,14,1,2,0,0
643,81,161,17,1,3,2,0
644,81,161,90,1,0,0,0
645,81,162,71,0,2,0,1
646,81,162,25,0,3,0,1
647,81,162,65,1,5,0,1
648,81,162,44,0,1,1,1
649,82,163,92,1,0,0,0
650,82,163,14,1,2,0,0
651,82,163,44,0,1,1,0
652,82,163,76,1,5,2,0
653,82,164,5,1,2,0,1
654,82,164,30,0,3,2,1
655,82,164,75,0,0,0,1
656,82,164,36,1,1,1,1
657,83,165,36,1,1,1,0
658,83,165,14,1,2,0,0
659,83,165,47,0,3,1,0
660,83,165,90,1,0,0,0
661,83,166,75,0,0,0,1
662,83,166,19,0,2,0,1
663,83,166,25,0,3,0,1
664,83,166,84,1,3,2,1
665,84,167,18,0,3,2,1
666,84,167,95,1,0,0,1
667,84,167,84,1,3,2,1
668,84,167,69,0,1,1,1
669,84,168,35,1,2,0,0
670,84,168,9,0,1,1,0
671,84,168,65,1,5,0,0
672,84,168,17,1,3,2,0
673,85,169,19,0,2,0,1
674,85,169,17,1,3,2,1
675,85,169,62,0,0,0,1
676,85,169,44,0,1,1,1
677,85,170,62,0,0,0,0
678,85,170,14,1,2,0,0
679,85,170,76,1,5,2,0
680,85,170,25,0,3,0,0
681,86,171,62,0,0,0,1
682,86,171,34,0,5,2,1
683,86,171,54,0,2,0,1
684,86,171,50,0,3,1,1
685,86,172,95,1,0,0,0
686,86,172,41,0,5,0,0
687,86,172,50,0,3,1,0
688,86,172,9,0,1,1,0
689,87,173,70,0,5,2,1
690,87,173,17,1,3,2,1
691,87,173,26,0,2,0,1
692,87,173,36,1,1,1,1
693,87,174,36,1,1,1,0
694,87,174,53,0,2,0,0
695,87,174,65,1,5,0,0
696,87,174,47,0,3,1,0
697,88,175,42,0,5,2,0
698,88,175,5,1,2,0,0
699,88,175,90,1,0,0,0
700,88,175,30,0,3,2,0
701,88,176,19,0,2,0,1
702,88,176,47,0,3,1,1
703,88,176,36,1,1,1,1
704,88,176,62,0,0,0,1
705,89,177,95,1,0,0,0
706,89,177,76,1,5,2,0
707,89,177,47,0,3,1,0
708,89,177,54,0,2,0,0
709,89,178,71,0,2,0,1
710,89,178,30,0,3,2,1
711,89,178,65,1,5,0,1
712,89,178,52,0,1,1,1
713,90,179,35,1,2,0,0
714,90,179,93,0,3,1,0
715,90,179,41,0,5,0,0
716,90,179,36,1,1,1,0
717,90,180,5,1,2,0,1
718,90,180,28,1,1,1,1
719,90,180,65,1,5,0,1
720,90,180,47,0,3,1,1
721,91,181,95,1,0,0,1
722,91,181,47,0,3,1,1
723,91,181,34,0,5,2,1
724,91,181,69,0,1,1,1
725,91,182,31,0,1,1,0
726,91,182,11,1,5,1,0
727,91,182,75,0,0,0,0
728,91,182,47,0,3,1,0
729,92,183,25,0,3,0,1
730,92,183,35,1,2,0,1
731,92,183,52,0,1,1,1
732,92,183,84,1,3,2,1
733,92,184,20,1,5,0,0
734,92,184,47,0,3,1,0
735,92,184,90,1,0,0,0
736,92,184,19,0,2,0,0
737,93,185,52,0,1,1,1
738,93,185,41,0,5,0,1
739,93,185,5,1,2,0,1
740,93,185,18,0,3,2,1
741,93,186,44,0,1,1,0
742,93,186,90,1,0,0,0
743,93,186,42,0,5,2,0
744,93,186,14,1,2,0,0
745,94,187,95,1,0,0,1
746,94,187,35,1,2,0,1
747,94,187,47,0,3,1,1
748,94,187,31,0,1,1,1
749,94,188,30,0,3,2,0
750,94,188,34,0,5,2,0
751,94,188,75,0,0,0,0
752,94,188,19,0,2,0,0
753,95,189,69,0,1,1,1
754,95,189,90,1,0,0,1
755,95,189,93,0,3,1,1
756,95,189,70,0,5,2,1
757,95,190,35,1,2,0,0
758,95,190,44,0,1,1,0
759,95,190,90,1,0,0,0
760,95,190,2,0,5,0,0
761,96,191,20,1,5,0,1
762,96,191,92,1,0,0,1
763,96,191,18,0,3,2,1
764,96,191,28,1,1,1,1
765,96,192,47,0,3,1,0
766,96,192,31,0,1,1,0
767,96,192,90,1,0,0,0
768,96,192,5,1,2,0,0
769,97,193,36,1,1,1,1
770,97,193,25,0,3,0,1
771,97,193,35,1,2,0,1
772,97,193,95,1,0,0,1
773,97,194,20,1,5,0,0
774,97,194,5,1,2,0,0
775,97,194,90,1,0,0,0
776,97,194,50,0,3,1,0
777,98,195,11,1,5,1,1
778,98,195,18,0,3,2,1
779,98,195,35,1,2,0,1
780,98,195,36,1,1,1,1
781,98,196,9,0,1,1,0
782,98,196,42,0,5,2,0
783,98,196,75,0,0,0,0
784,98,196,5,1,2,0,0
785,99,197,44,0,1,1,1
786,99,197,17,1,3,2,1
787,99,197,19,0,2,0,1
788,99,197,2,0,5,0,1
789,99,198,53,0,2,0,0
790,99,198,47,0,3,1,0
791,99,198,90,1,0,0,0
792,99,198,44,0,1,1,0
793,100,199,90,1,0,0,0
794,100,199,19,0,2,0,0
795,100,199,93,0,3,1,0
796,100,199,69,0,1,1,0
797,100,200,54,0,2,0,1
798,100,200,47,0,3,1,1
799,100,200,90,1,0,0,1
800,100,200,41,0,5,0,1
801,101,201,17,1,3,2,1
802,101,201,2,0,5,0,1
803,101,201,19,0,2,0,1
804,101,201,36,1,1,1,1
805,101,202,47,0,3,1,0
806,101,202,14,1,2,0,0
807,101,202,62,0,0,0,0
808,101,202,20,1,5,0,0
809,102,203,25,0,3,0,0
810,102,203,53,0,2,0,0
811,102,203,9,0,1,1,0
812,102,203,62,0,0,0,0
813,102,204,28,1,1,1,1
814,102,204,14,1,2,0,1
815,102,204,75,0,0,0,1
816,102,204,47,0,3,1,1
817,103,205,62,0,0,0,1
818,103,205,50,0,3,1,1
819,103,205,44,0,1,1,1
820,103,205,14,1,2,0,1
821,103,206,95,1,0,0,0
822,103,206,5,1,2,0,0
823,103,206,31,0,1,1,0
824,103,206,42,0,5,2,0
825,104,207,92,1,0,0,0
826,104,207,53,0,2,0,0
827,104,207,25,0,3,0,0
828,104,207,15,1,5,2,0
829,104,208,5,1,2,0,1
830,104,208,93,0,3,1,1
831,104,208,62,0,0,0,1
832,104,208,11,1,5,1,1
833,105,209,90,1,0,0,1
834,105,209,44,0,1,1,1
835,105,209,5,1,2,0,1
836,105,209,18,0,3,2,1
837,105,210,65,1,5,0,0
838,105,210,25,0,3,0,0
839,105,210,43,0,5,0,0
840,105,210,19,0,2,0,0
841,106,211,17,1,3,2,1
842,106,211,69,0,1,1,1
843,106,211,35,1,2,0,1
844,106,211,41,0,5,0,1
845,106,212,65,1,5,0,0
846,106,212,36,1,1,1,0
847,106,212,35,1,2,0,0
848,106,212,25,0,3,0,0
849,107,213,9,0,1,1,0
850,107,213,19,0,2,0,0
851,107,213,50,0,3,1,0
852,107,213,95,1,0,0,0
853,107,214,70,0,5,2,1
854,107,214,31,0,1,1,1
855,107,214,62,0,0,0,1
856,107,214,5,1,2,0,1
857,108,215,62,0,0,0,1
858,108,215,17,1,3,2,1
859,108,215,34,0,5,2,1
860,108,215,44,0,1,1,1
861,108,216,95,1,0,0,0
862,108,216,76,1,5,2,0
863,108,216,31,0,1,1,0
864,108,216,53,0,2,0,0
865,109,217,102,1,0,0,0
866,109,217,50,0,3,1,0
867,109,217,15,1,5,2,0
868,109,217,5,1,2,1,0
869,109,218,93,0,3,1,1
870,109,218,28,1,1,1,1
871,109,218,62,0,0,0,1
872,109,218,20,1,5,0,1
873,110,219,20,1,5,0,1
874,110,219,28,1,1,1,1
875,110,219,30,0,3,2,1
876,110,219,62,0,0,0,1
877,110,220,26,0,2,0,0
878,110,220,36,1,1,1,0
879,110,220,90,1,0,0,0
880,110,220,11,1,5,1,0
881,111,221,75,0,0,0,1
882,111,221,69,0,1,1,1
883,111,221,47,0,3,1,1
884,111,221,14,1,2,0,1
885,111,222,71,0,2,0,0
886,111,222,25,0,3,0,0
887,111,222,95,1,0,0,0
888,111,222,76,1,5,2,0
889,12,223,9,0,1,1,1
890,12,223,54,0,2,0,1
891,12,223,84,1,3,2,1
892,12,223,90,1,0,0,1
893,12,224,36,1,1,1,0
894,12,224,14,1,2,0,0
895,12,224,90,1,0,0,0
896,12,224,11,1,5,1,0
897,13,225,92,1,0,0,1
898,13,225,35,1,2,0,1
899,13,225,20,1,5,0,1
900,13,225,69,0,1,1,1
901,13,226,34,0,5,2,0
902,13,226,50,0,3,1,0
903,13,226,75,0,0,0,0
904,13,226,19,0,2,0,0
905,14,227,62,0,0,0,1
906,14,227,2,0,5,0,1
907,14,227,44,0,1,1,1
908,14,227,26,0,2,0,1
909,14,228,2,0,5,0,0
910,14,228,30,0,3,2,0
911,14,228,75,0,0,0,0
912,14,228,44,0,1,1,0
913,15,229,69,0,1,1,0
914,15,229,11,1,5,1,0
915,15,229,25,0,3,0,0
916,15,229,62,0,0,0,0
917,15,230,53,0,2,0,1
918,15,230,28,1,1,1,1
919,15,230,75,0,0,0,1
920,15,230,30,0,3,2,1
921,16,231,14,1,2,0,1
922,16,231,11,1,5,1,1
923,16,231,93,0,3,1,1
924,16,231,75,0,0,0,1
925,16,232,36,1,1,1,0
926,16,232,50,0,3,1,0
927,16,232,65,1,5,0,0
928,16,232,35,1,2,0,0
929,17,233,9,0,1,1,0
930,17,233,14,1,2,0,0
931,17,233,62,0,0,0,0
932,17,233,17,1,3,2,0
933,17,234,75,0,0,0,1
934,17,234,11,1,5,1,1
935,17,234,19,0,2,0,1
936,17,234,44,0,1,1,1
937,18,235,90,1,0,0,0
938,18,235,52,0,1,1,0
939,18,235,18,0,3,2,0
940,18,235,54,0,2,0,0
941,18,236,50,0,3,1,1
942,18,236,35,1,2,0,1
943,18,236,65,1,5,0,1
944,18,236,9,0,1,1,1
945,19,237,62,0,0,0,1
946,19,237,4141,0,5,0,1
947,19,237,25,0,3,0,1
948,19,237,36,1,1,1,1
949,19,238,9,0,1,1,0
950,19,238,25,0,3,0,0
951,19,238,90,1,0,0,0
952,19,238,76,1,5,2,0
953,20,239,102,1,0,0,0
954,20,239,14,1,2,0,0
955,20,239,52,0,1,1,0
956,20,239,84,1,3,2,0
957,20,240,17,1,3,2,1
958,20,240,34,0,5,2,1
959,20,240,90,1,0,0,1
960,20,240,71,0,2,0,1
961,21,241,95,1,0,0,0
962,21,241,26,1,2,0,0
963,21,241,50,0,1,1,0
964,21,241,28,1,3,2,0
965,21,242,95,1,3,2,1
966,21,242,36,0,5,2,1
967,21,242,2,1,0,0,1
968,21,242,14,0,2,0,1
969,22,243,90,1,0,0,1
970,22,243,44,0,2,0,1
971,22,243,14,0,4,1,1
972,22,243,25,1,1,1,1
973,22,244,31,1,0,0,0
974,22,244,17,1,1,1,0
975,22,244,90,0,5,0,0
976,22,244,20,1,2,0,0
977,23,245,92,1,0,0,1
978,23,245,52,0,4,1,1
979,23,245,19,1,2,0,1
980,23,245,18,0,3,0,1
981,23,246,30,0,1,1,0
982,23,246,75,1,3,2,0
983,23,246,2,1,0,0,0
984,23,246,5,1,5,0,0
985,24,247,90,1,0,0,0
986,24,247,50,0,1,1,0
987,24,247,5,0,2,0,0
988,24,247,69,0,3,2,0
989,24,248,54,0,3,2,1
990,24,248,17,0,0,0,1
991,24,248,62,0,5,0,1
992,24,248,2,1,2,0,1
993,25,249,70,1,0,0,1
994,25,249,14,0,4,1,1
995,25,249,31,1,2,0,1
996,25,249,93,0,1,1,1
997,25,250,62,0,2,0,0
998,25,250,52,1,3,2,0
999,25,250,14,0,0,0,0
1000,25,250,42,0,5,0,0
1001,26,251,90,0,5,2,1
1002,26,251,26,1,2,0,1
1003,26,251,28,0,1,1,1
1004,26,251,93,0,4,1,1
1005,26,252,28,0,0,0,0
1006,26,252,53,0,1,1,0
1007,26,252,65,1,2,0,0
1008,26,252,93,0,5,2,0
1009,27,253,102,1,0,0,1
1010,27,253,25,0,2,0,1
1011,27,253,19,1,1,1,1
1012,27,253,31,0,4,1,1
1013,27,254,90,1,1,1,0
1014,27,254,35,0,2,0,0
1015,27,254,31,1,5,0,0
1016,27,254,15,0,4,1,0
1017,28,255,102,1,0,0,0
1018,28,255,35,0,3,0,0
1019,28,255,52,0,2,0,0
1020,28,255,17,0,1,1,0
1021,28,256,34,1,0,0,1
1022,28,256,36,1,2,0,1
1023,28,256,62,0,1,1,1
1024,28,256,25,1,5,2,1
1025,29,257,62,1,0,0,0
1026,29,257,53,1,2,0,0
1027,29,257,52,0,1,1,0
1028,29,257,11,1,3,2,0
1029,29,258,30,0,5,2,1
1030,29,258,14,1,1,1,1
1031,29,258,95,0,0,0,1
1032,29,258,28,0,3,0,1
1033,30,259,62,0,0,0,1
1034,30,259,19,0,2,0,1
1035,30,259,28,0,1,1,1
1036,30,259,25,1,5,1,1
1037,30,260,15,0,3,2,0
1038,30,260,36,1,2,0,0
1039,30,260,95,1,0,0,0
1040,30,260,19,1,1,1,0
1041,31,261,14,0,0,0,0
1042,31,261,11,0,2,0,0
1043,31,261,36,1,1,1,0
1044,31,261,75,0,3,0,0
1045,31,262,25,1,5,2,1
1046,31,262,35,1,1,1,1
1047,31,262,65,1,0,0,1
1048,31,262,43,0,2,0,1
1049,32,263,90,1,2,0,1
1050,32,263,30,1,5,1,1
1051,32,263,35,1,1,1,1
1052,32,263,44,0,0,0,1
1053,32,264,54,0,3,0,0
1054,32,264,31,1,2,0,0
1055,32,264,75,1,5,0,0
1056,32,264,76,0,5,0,0
1057,33,265,52,1,0,0,0
1058,33,265,34,0,3,2,0
1059,33,265,17,1,2,0,0
1060,33,265,75,0,4,1,0
1061,33,266,34,0,2,0,1
1062,33,266,50,0,1,1,1
1063,33,266,75,0,0,0,1
1064,33,266,14,1,5,2,1
1065,34,267,30,0,1,1,0
1066,34,267,42,0,5,2,0
1067,34,267,26,1,3,2,0
1068,34,267,62,0,0,0,0
1069,34,268,47,0,5,2,1
1070,34,268,41,0,4,1,1
1071,34,268,95,0,0,0,1
1072,34,268,52,1,2,0,1
1073,35,269,92,0,3,2,1
1074,35,269,28,0,5,2,1
1075,35,269,50,0,2,0,1
1076,35,269,2,0,0,0,1
1077,35,270,47,0,4,1,0
1078,35,270,71,0,5,0,0
1079,35,270,65,1,0,0,0
1080,35,270,43,0,1,1,0
1081,36,271,2,1,0,0,1
1082,36,271,53,1,1,1,1
1083,36,271,28,0,4,1,1
1084,36,271,102,0,5,0,1
1085,36,272,76,0,4,1,0
1086,36,272,17,0,2,0,0
1087,36,272,75,1,5,0,0
1088,36,272,36,0,5,0,0
1089,37,273,75,0,5,0,0
1090,37,273,14,0,2,0,0
1091,37,273,30,1,1,1,0
1092,37,273,28,1,0,0,0
1093,37,274,36,1,5,2,1
1094,37,274,34,1,3,2,1
1095,37,274,62,0,0,0,1
1096,37,274,47,1,1,1,1
1097,38,275,34,0,0,0,1
1098,38,275,36,1,2,0,1
1099,38,275,95,0,3,2,1
1100,38,275,19,1,1,1,1
1101,38,276,36,1,1,1,0
1102,38,276,52,0,5,2,0
1103,38,276,34,0,0,0,0
1104,38,276,5,0,4,1,0
1105,39,277,50,0,5,2,0
1106,39,277,41,1,1,1,0
1107,39,277,44,1,0,0,0
1108,39,277,75,0,2,0,0
1109,39,278,50,1,1,1,1
1110,39,278,34,0,1,1,1
1111,39,278,95,0,5,2,1
1112,39,278,5,1,2,0,1
1113,40,279,76,0,4,1,1
1114,40,279,47,0,5,0,1
1115,40,279,19,0,1,1,1
1116,40,279,75,0,0,0,1
1117,40,280,52,0,4,1,0
1118,40,280,25,0,5,2,0
1119,40,280,65,1,0,0,0
1120,40,280,19,1,2,0,0
1121,41,281,95,1,5,2,0
1122,41,281,35,0,4,1,0
1123,41,281,18,0,2,0,0
1124,41,281,36,0,0,0,0
1125,41,282,41,0,1,1,1
1126,41,282,47,0,3,2,1
1127,41,282,75,1,5,0,1
1128,41,282,26,0,2,0,1
1129,42,283,95,1,0,0,0
1130,42,283,31,1,2,0,0
1131,42,283,18,0,3,2,0
1132,42,283,14,1,1,1,0
1133,42,284,44,0,5,0,1
1134,42,284,35,0,4,1,1
1135,42,284,75,0,0,0,1
1136,42,284,93,0,2,0,1
1137,43,285,52,1,0,0,1
1138,43,285,11,0,1,1,1
1139,43,285,54,0,3,2,1
1140,43,285,102,1,2,0,1
1141,43,286,19,0,1,1,0
1142,43,286,41,1,2,0,0
1143,43,286,75,0,0,0,0
1144,43,286,28,0,4,1,0
1145,44,287,95,0,1,1,1
1146,44,287,41,1,5,1,1
1147,44,287,47,0,2,0,1
1148,44,287,36,1,0,0,1
1149,44,288,30,0,2,0,0
1150,44,288,44,0,5,0,0
1151,44,288,95,0,0,0,0
1152,44,288,11,1,1,1,0
1153,45,289,26,1,0,0,0
1154,45,289,20,0,5,0,0
1155,45,289,102,0,4,1,0
1156,45,289,62,1,1,1,0
1157,45,290,5,0,3,2,1
1158,45,290,25,0,4,1,1
1159,45,290,65,1,0,0,1
1160,45,290,44,1,5,1,1
1161,46,291,92,0,2,0,1
1162,46,291,28,1,5,0,1
1163,46,291,5,1,0,0,1
1164,46,291,50,0,0,0,1
1165,46,292,93,1,2,0,0
1166,46,292,70,0,3,0,0
1167,46,292,62,1,5,0,0
1168,46,292,14,0,1,1,0
1169,47,293,34,0,4,1,1
1170,47,293,15,1,1,1,0
1171,47,293,5,1,2,0,0
1172,47,293,92,0,4,1,0
1173,47,294,34,0,4,1,1
1174,47,294,35,0,5,2,1
1175,47,294,75,0,0,0,1
1176,47,294,44,1,2,0,1
1177,48,295,62,0,1,1,1
1178,48,295,28,1,5,2,1
1179,48,295,18,1,2,0,1
1180,48,295,53,1,0,0,1
1181,48,296,35,0,5,2,0
1182,48,296,44,1,2,0,0
1183,48,296,90,0,0,0,0
1184,48,296,11,0,1,1,0
1185,49,297,75,0,0,0,1
1186,49,297,35,1,1,1,1
1187,49,297,28,0,3,2,1
1188,49,297,50,0,2,0,1
1189,49,298,93,1,2,0,0
1190,49,298,43,0,1,1,0
1191,49,298,65,1,0,0,0
1192,49,298,53,1,5,1,0
1193,50,299,62,0,0,0,1
1194,50,299,36,1,2,0,1
1195,50,299,35,1,1,1,1
1196,50,299,17,0,4,1,1
1197,50,300,9,0,4,1,0
1198,50,300,93,0,5,0,0
1199,50,300,95,1,5,0,0
1200,50,300,20,0,2,0,0
1201,51,301,62,0,0,0,1
1202,51,301,52,1,1,1,1
1203,51,301,18,1,2,0,1
1204,51,301,54,1,3,2,1
1205,51,302,70,0,1,1,0
1206,51,302,19,0,4,1,0
1207,51,302,90,1,2,0,0
1208,51,302,47,1,5,0,0
1209,52,303,28,0,0,0,1
1210,52,303,30,0,1,1,1
1211,52,303,41,0,3,2,1
1212,52,303,35,0,2,0,1
1213,52,304,34,0,5,2,0
1214,52,304,93,0,2,0,0
1215,52,304,75,1,0,0,0
1216,52,304,14,0,4,1,0
1217,53,305,36,1,1,1,0
1218,53,305,54,0,3,2,0
1219,53,305,50,0,5,0,0
1220,53,305,62,1,2,0,0
1221,53,306,52,0,5,2,1
1222,53,306,30,0,4,1,1
1223,53,306,90,0,0,0,1
1224,53,306,84,1,2,0,1
1225,54,307,35,1,1,1,1
1226,54,307,18,0,2,0,1
1227,54,307,9,0,4,1,1
1228,54,307,20,0,0,0,1
1229,54,308,28,0,1,1,0
1230,54,308,50,0,3,2,0
1231,54,308,65,1,0,0,0
1232,54,308,43,1,3,2,0
1233,55,309,90,1,2,0,1
1234,55,309,69,0,3,2,1
1235,55,309,53,0,1,1,1
1236,55,309,17,1,5,0,1
1237,55,310,34,1,1,1,0
1238,55,310,5,0,4,1,0
1239,55,310,95,1,5,0,0
1240,55,310,30,0,5,0,0
1241,56,311,15,1,0,0,0
1242,56,311,47,0,1,1,0
1243,56,311,54,0,2,0,0
1244,56,311,95,1,3,2,0
1245,56,312,30,0,5,2,1
1246,56,312,44,1,2,0,1
1247,56,312,95,1,0,0,1
1248,56,312,84,0,3,2,1
1249,57,313,95,1,5,2,1
1250,57,313,5,0,4,1,1
1251,57,313,76,0,2,0,1
1252,57,313,69,1,0,0,1
1253,57,314,19,0,3,2,0
1254,57,314,52,0,1,1,0
1255,57,314,62,1,0,0,0
1256,57,314,41,1,3,2,0
1257,58,315,102,1,0,0,0
1258,58,315,18,1,2,0,0
1259,58,315,5,1,5,2,0
1260,58,315,9,0,1,1,0
1261,58,316,36,0,2,0,1
1262,58,316,30,0,1,1,1
1263,58,316,90,0,0,0,1
1264,58,316,76,0,5,0,1
1265,59,317,95,1,0,0,1
1266,59,317,50,0,3,2,1
1267,59,317,35,1,2,0,1
1268,59,317,9,0,1,1,1
1269,59,318,30,1,1,1,0
1270,59,318,36,0,3,2,0
1271,59,318,62,1,5,2,0
1272,59,318,34,1,5,2,0
1273,60,319,92,1,0,0,1
1274,60,319,19,0,4,1,1
1275,60,319,47,1,2,0,1
1276,60,319,44,0,1,1,1
1277,60,320,2,0,3,2,0
1278,60,320,17,1,1,1,0
1279,60,320,90,0,0,0,0
1280,60,320,36,0,5,2,0
1281,61,321,50,1,0,0,1
1282,61,321,34,0,2,0,1
1283,61,321,28,0,4,1,1
1284,61,321,53,0,1,1,1
1285,61,322,54,0,5,0,0
1286,61,322,43,1,3,2,0
1287,61,322,65,1,0,0,0
1288,61,322,30,1,1,1,0
1289,62,323,62,0,4,1,1
1290,62,323,19,0,5,2,1
1291,62,323,9,1,1,1,1
1292,62,323,18,0,2,0,1
1293,62,324,11,0,2,0,0
1294,62,324,14,0,5,0,0
1295,62,324,95,1,5,0,0
1296,62,324,47,0,3,2,0
1297,63,325,90,0,0,0,0
1298,63,325,50,0,2,0,0
1299,63,325,14,0,1,1,0
1300,63,325,52,0,3,2,0
1301,63,326,30,1,5,1,1
1302,63,326,36,1,2,0,1
1303,63,326,95,1,0,0,1
1304,63,326,53,0,4,1,1
1305,64,327,90,1,0,0,1
1306,64,327,28,0,4,1,1
1307,64,327,30,1,2,0,1
1308,64,327,70,0,1,1,1
1309,64,328,42,0,3,2,0
1310,64,328,53,1,1,1,0
1311,64,328,75,1,0,0,0
1312,64,328,31,0,2,0,0
1313,65,329,34,1,0,0,0
1314,65,329,18,1,1,1,0
1315,65,329,54,0,3,2,0
1316,65,329,92,0,5,2,0
1317,65,330,31,0,5,2,1
1318,65,330,20,0,2,0,1
1319,65,330,90,0,0,0,1
1320,65,330,54,0,1,1,1
1321,66,331,75,0,5,2,1
1322,66,331,15,0,3,2,1
1323,66,331,44,0,2,0,1
1324,66,331,35,1,0,0,1
1325,66,332,17,0,1,1,0
1326,66,332,31,1,5,0,0
1327,66,332,62,1,0,0,0
1328,66,332,54,0,2,0,0
1329,67,333,92,0,0,0,1
1330,67,333,30,1,5,2,1
1331,67,333,54,0,1,1,1
1332,67,333,52,1,2,0,1
1333,67,334,31,1,3,2,0
1334,67,334,84,0,1,1,0
1335,67,334,95,0,0,0,0
1336,67,334,93,0,2,0,0
1337,68,335,42,1,0,0,0
1338,68,335,9,0,3,2,0
1339,68,335,17,0,2,0,0
1340,68,335,102,0,1,1,0
1341,68,336,34,0,1,1,1
1342,68,336,50,1,3,2,1
1343,68,336,90,1,0,0,1
1344,68,336,31,0,4,1,1
1345,69,337,92,0,5,2,0
1346,69,337,9,0,1,1,0
1347,69,337,53,1,3,2,0
1348,69,337,50,1,0,0,0
1349,69,338,62,0,5,2,1
1350,69,338,31,0,4,1,1
1351,69,338,30,1,0,0,1
1352,69,338,53,0,1,1,1
1353,70,339,18,1,0,0,1
1354,70,339,42,0,1,1,1
1355,70,339,69,0,2,0,1
1356,70,339,53,0,4,1,1
1357,70,340,43,0,0,0,0
1358,70,340,5,0,1,1,0
1359,70,340,65,0,3,2,0
1360,70,340,50,0,2,0,0
1361,71,341,69,0,3,2,1
1362,71,341,30,0,5,2,1
1363,71,341,53,0,1,1,1
1364,71,341,2,0,2,0,1
1365,71,342,5,0,5,0,0
1366,71,342,93,1,2,0,0
1367,71,342,90,1,5,0,0
1368,71,342,52,0,4,1,0
1369,72,343,70,0,1,1,1
1370,72,343,50,0,3,2,1
1371,72,343,54,0,2,0,1
1372,72,343,69,0,5,0,1
1373,72,344,25,1,2,0,0
1374,72,344,84,0,4,1,0
1375,72,344,95,1,0,0,0
1376,72,344,52,0,1,1,0
1377,73,345,62,0,5,2,1
1378,73,345,76,0,4,1,1
1379,73,345,53,0,2,0,1
1380,73,345,50,0,1,1,1
1381,73,346,41,0,3,0,0
1382,73,346,25,1,3,2,0
1383,73,346,62,1,0,0,0
1384,73,346,71,0,1,1,0
1385,74,347,90,0,0,0,0
1386,74,347,44,1,5,2,0
1387,74,347,53,0,2,0,0
1388,74,347,47,0,4,1,0
1389,74,348,84,0,5,0,1
1390,74,348,5,0,3,0,1
1391,74,348,90,0,0,0,1
1392,74,348,28,0,2,0,1
1393,75,349,36,1,0,0,0
1394,75,349,50,0,1,1,0
1395,75,349,15,0,2,0,0
1396,75,349,35,0,4,1,0
1397,75,350,76,1,3,2,1
1398,75,350,25,1,2,0,1
1399,75,350,95,1,0,0,1
1400,75,350,35,1,1,1,1
1401,76,351,75,1,1,1,1
1402,76,351,9,0,4,1,1
1403,76,351,2,1,5,2,1
1404,76,351,19,1,2,0,1
1405,76,352,84,1,5,2,0
1406,76,352,9,0,3,0,0
1407,76,352,62,1,0,0,0
1408,76,352,14,1,2,0,0
1409,77,353,95,0,0,0,0
1410,77,353,20,0,1,1,0
1411,77,353,30,0,5,0,0
1412,77,353,9,0,2,0,0
1413,77,354,9,1,3,2,1
1414,77,354,35,0,1,1,1
1415,77,354,90,0,0,0,1
1416,77,354,84,1,2,0,1
1417,78,355,104,1,0,0,0
1418,78,355,36,1,5,0,0
1419,78,355,42,0,3,2,0
1420,78,355,95,0,1,1,0
1421,78,356,31,0,1,1,1
1422,78,356,17,1,2,0,1
1423,78,356,65,1,0,0,1
1424,78,356,19,1,3,2,1
1425,79,357,95,0,2,0,1
1426,79,357,93,1,1,1,1
1427,79,357,36,0,5,2,1
1428,79,357,26,1,0,0,1
1429,79,358,25,0,1,1,0
1430,79,358,31,1,3,2,0
1431,79,358,65,1,5,0,0
1432,79,358,48,0,2,0,0
1433,80,359,69,1,0,0,1
1434,80,359,93,0,4,1,1
1435,80,359,35,1,1,1,1
1436,80,359,102,0,2,0,1
1437,80,360,44,0,3,0,0
1438,80,360,84,0,1,1,0
1439,80,360,90,1,5,0,0
1440,80,360,54,0,5,0,0
1441,81,361,5,0,1,1,1
1442,81,361,9,0,4,1,1
1443,81,361,25,1,2,0,1
1444,81,361,90,1,0,0,1
1445,81,362,26,0,1,1,0
1446,81,362,36,1,3,2,0
1447,81,362,95,1,0,0,0
1448,81,362,41,0,2,0,0
1449,82,363,52,1,2,0,0
1450,82,363,93,0,1,1,0
1451,82,363,35,0,3,0,0
1452,82,363,95,1,0,0,0
1453,82,364,42,0,2,0,1
1454,82,364,52,1,1,1,1
1455,82,364,62,1,0,0,1
1456,82,364,5,0,5,0,1
1457,83,365,69,0,1,1,0
1458,83,365,53,0,4,1,0
1459,83,365,30,1,2,0,0
1460,83,365,95,1,0,0,0
1461,83,366,44,0,5,2,1
1462,83,366,71,0,1,1,1
1463,83,366,90,0,0,0,1
1464,83,366,47,1,2,0,1
1465,84,367,17,0,1,1,0
1466,84,367,52,0,2,0,0
1467,84,367,35,0,3,2,0
1468,84,367,92,1,0,0,0
1469,84,368,5,0,1,1,1
1470,84,368,44,0,2,0,1
1471,84,368,75,1,0,0,1
1472,84,368,76,0,4,1,1
1473,85,369,5,1,3,2,0
1474,85,369,17,0,1,1,0
1475,85,369,31,1,2,0,0
1476,85,369,34,1,0,0,0
1477,85,370,93,1,2,0,1
1478,85,370,71,0,1,1,1
1479,85,370,65,0,0,0,1
1480,85,370,48,1,5,2,1
1481,86,371,52,1,2,0,1
1482,86,371,14,1,3,2,1
1483,86,371,18,0,1,1,1
1484,86,371,102,0,5,2,1
1485,86,372,19,0,4,1,0
1486,86,372,93,0,2,0,0
1487,86,372,90,1,5,0,0
1488,86,372,20,0,5,0,0
1489,87,373,50,0,1,1,1
1490,87,373,52,1,2,0,1
1491,87,373,14,0,3,2,1
1492,87,373,90,1,0,0,1
1493,87,374,53,0,2,0,0
1494,87,374,34,0,4,1,0
1495,87,374,95,1,0,0,0
1496,87,374,93,1,5,0,0
1497,88,375,93,0,4,1,0
1498,88,375,26,0,1,1,0
1499,88,375,36,1,2,0,0
1500,88,375,92,1,0,0,0
1501,88,376,70,0,2,0,1
1502,88,376,47,0,5,2,1
1503,88,376,95,1,0,0,1
1504,88,376,35,0,4,1,1
1505,89,377,65,0,4,1,1
1506,89,377,28,0,2,0,1
1507,89,377,25,1,1,1,1
1508,89,377,19,1,0,0,1
1509,89,378,17,0,5,2,0
1510,89,378,36,0,4,1,0
1511,89,378,65,1,0,0,0
1512,89,378,26,1,2,0,0
1513,90,379,17,1,5,0,0
1514,90,379,35,1,1,1,0
1515,90,379,70,0,3,0,0
1516,90,379,44,0,2,0,0
1517,90,380,54,1,3,2,1
1518,90,380,44,1,1,1,1
1519,90,380,65,1,5,0,1
1520,90,380,17,0,2,0,1
1521,91,381,31,1,3,2,1
1522,91,381,18,1,2,0,1
1523,91,381,14,0,5,2,1
1524,91,381,41,0,1,1,1
1525,91,382,47,0,2,0,0
1526,91,382,31,0,1,1,0
1527,91,382,62,1,5,0,0
1528,91,382,34,1,3,2,0
1529,92,383,92,0,1,1,1
1530,92,383,84,0,3,2,1
1531,92,383,69,1,2,0,1
1532,92,383,25,0,5,0,1
1533,92,384,43,0,4,1,0
1534,92,384,36,0,1,1,0
1535,92,384,65,0,0,0,0
1536,92,384,17,0,5,2,0
1537,93,385,90,1,0,0,1
1538,93,385,17,1,3,2,1
1539,93,385,5,0,1,1,1
1540,93,385,69,0,3,0,1
1541,93,386,2,0,5,0,0
1542,93,386,9,1,1,1,0
1543,93,386,62,1,5,0,0
1544,93,386,17,1,3,2,0
1545,94,387,19,1,0,0,0
1546,94,387,47,1,3,2,0
1547,94,387,69,1,2,0,0
1548,94,387,62,0,1,1,0
1549,94,388,11,0,5,0,1
1550,94,388,9,0,1,1,1
1551,94,388,62,0,0,0,1
1552,94,388,30,1,3,2,1
1553,95,389,5,0,2,0,0
1554,95,389,18,0,4,1,0
1555,95,389,52,0,1,1,0
1556,95,389,75,0,0,0,0
1557,95,390,30,1,5,1,1
1558,95,390,19,0,1,1,1
1559,95,390,65,0,0,0,1
1560,95,390,52,0,3,2,1
1561,96,391,14,1,2,0,1
1562,96,391,30,0,3,2,1
1563,96,391,28,0,1,1,1
1564,96,391,95,0,0,0,1
1565,96,392,11,0,3,2,0
1566,96,392,25,0,2,0,0
1567,96,392,62,1,5,0,0
1568,96,392,71,0,1,1,0
1569,97,393,44,1,2,0,0
1570,97,393,14,0,3,2,0
1571,97,393,47,1,1,1,0
1572,97,393,62,1,0,0,0
1573,97,394,17,1,5,1,1
1574,97,394,48,0,3,0,1
1575,97,394,65,0,0,0,1
1576,97,394,53,0,2,0,1
1577,98,395,30,0,1,1,1
1578,98,395,44,1,2,0,1
1579,98,395,26,0,4,1,1
1580,98,395,102,0,0,0,1
1581,98,396,76,1,3,2,0
1582,98,396,25,0,5,0,0
1583,98,396,95,1,5,0,0
1584,98,396,5,0,2,0,0
1585,99,397,31,0,3,2,0
1586,99,397,14,0,1,1,0
1587,99,397,30,0,2,0,0
1588,99,397,62,1,0,0,0
1589,99,398,54,,5,,1
1590,99,398,44,0,3,0,1
1591,99,398,95,1,0,0,1
1592,99,398,20,1,2,0,1
1593,,399,17,0,1,1,1
1594,,399,31,1,2,0,1
1595,,399,53,0,3,2,1
1596,,399,75,0,0,0,1
1597,,400,20,0,2,0,0
1598,,400,9,0,1,1,0
1599,,400,95,1,0,0,0
1600,,400,47,1,5,0,0
1601,,401,5,1,3,2,1
1602,,401,18,0,1,1,1
1603,,401,69,0,2,0,1
1604,,401,95,0,0,0,1
1605,,402,48,1,5,0,0
1606,,402,30,0,1,1,0
1607,,402,65,1,0,0,0
1608,,402,31,0,4,1,0
1609,,403,26,1,2,0,1
1610,,403,69,0,3,2,1
1611,,403,30,0,1,1,1
1612,,403,102,1,0,0,1
1613,,404,5,0,5,0,0
1614,,404,52,0,3,2,0
1615,,404,95,1,5,0,0
1616,,404,84,0,1,1,0
1617,,405,5,0,2,0,1
1618,,405,47,0,1,1,1
1619,,405,31,0,3,2,1
1620,,405,95,1,0,0,1
1621,,406,52,1,2,0,0
1622,,406,48,0,1,1,0
1623,,406,65,1,0,0,0
1624,,406,50,1,3,2,0
1625,,407,35,1,2,0,0
1626,,407,25,0,4,1,0
1627,,407,9,0,1,1,0
1628,,407,95,1,0,0,0
1629,,408,14,0,1,1,1
1630,,408,31,0,5,0,1
1631,,408,65,1,5,0,1
1632,,408,47,0,4,1,1
1633,,409,54,1,2,0,0
1634,,409,18,0,3,0,0
1635,,409,36,0,1,1,0
1636,,409,90,1,0,0,0
1637,,410,17,1,2,0,1
1638,,410,36,0,1,1,1
1639,,410,90,1,5,0,1
1640,,410,71,0,4,1,1
1641,,411,53,0,2,0,0
1642,,411,28,0,3,2,0
1643,,411,17,1,1,1,0
1644,,411,90,1,0,0,0
1645,,412,76,1,3,2,1
1646,,412,30,1,1,1,1
1647,,412,90,1,0,0,1
1648,,412,9,0,2,0,1
1649,,413,52,0,2,0,0
1650,,413,53,1,1,1,0
1651,,413,30,1,3,2,0
1652,,413,95,1,0,0,0
1653,,414,44,1,5,2,1
1654,,414,76,0,3,2,1
1655,,414,62,1,0,0,1
1656,,414,35,0,1,1,1
1657,,415,25,0,1,1,1
1658,,415,28,0,2,0,1
1659,,415,35,0,3,2,1
1660,,415,90,1,0,0,1
1661,,416,70,0,1,1,0
1662,,416,31,1,5,2,0
1663,,416,62,0,0,0,0
1664,,416,17,1,2,0,0
1665,,417,93,0,3,0,0
1666,,417,34,1,1,1,0
1667,,417,54,1,2,0,0
1668,,417,62,1,0,0,0
1669,,418,2,0,5,2,1
1670,,418,93,0,1,1,1
1671,,418,75,0,0,0,1
1672,,418,44,1,3,2,1
1673,,419,36,0,4,1,1
1674,,419,42,0,4,1,1
1675,,419,102,0,2,0,1
1676,,419,35,0,0,0,1
1677,,420,25,0,5,0,0
1678,,420,9,0,4,1,0
1679,,420,65,0,0,0,0
1680,,420,54,0,1,1,0
1681,,421,44,1,1,1,0
1682,,421,17,0,5,2,0
1683,,421,54,1,0,0,0
1684,,421,62,1,2,0,0
1685,,422,54,0,3,0,1
1686,,422,93,0,1,1,1
1687,,422,62,1,5,0,1
1688,,422,31,0,2,0,1
1689,,423,25,0,1,1,1
1690,,423,28,1,3,2,1
1691,,423,35,0,2,0,1
1692,,423,90,0,0,0,1
1693,,424,70,0,2,0,0
1694,,424,31,0,4,1,0
1695,,424,62,0,0,0,0
1696,,424,17,0,1,1,0
1697,,425,30,0,3,0,0
1698,,425,53,1,1,1,0
1699,,425,28,1,2,0,0
1700,,425,92,1,0,0,0
1701,,426,25,0,5,2,1
1702,,426,42,0,1,1,1
1703,,426,62,0,0,0,1
1704,,426,35,1,3,2,1
1705,,427,36,0,3,2,1
1706,,427,47,0,2,0,1
1707,,427,54,1,1,1,1
1708,,427,75,1,0,0,1
1709,,428,50,0,3,0,0
1710,,428,54,0,5,2,0
1711,,428,90,0,0,0,0
1712,,428,41,1,2,0,0
1713,,429,17,1,1,1,1
1714,,429,5,0,4,1,1
1715,,429,69,0,2,0,1
1716,,429,102,0,0,0,1
1717,,430,15,0,4,1,0
1718,,430,52,0,2,0,0
1719,,430,75,1,0,0,0
1720,,430,5,0,5,0,0
1721,,431,19,1,3,2,1
1722,,431,25,1,2,0,1
1723,,431,44,0,1,1,1
1724,,431,62,1,0,0,1
1725,,432,93,1,5,2,0
1726,,432,19,0,1,1,0
1727,,432,95,0,0,0,0
1728,,432,31,1,2,0,0
1729,,433,17,0,2,0,1
1730,,433,36,0,3,0,1
1731,,433,5,0,1,1,1
1732,,433,102,0,0,0,1
1733,,434,50,0,4,1,0
1734,,434,53,0,2,0,0
1735,,434,90,1,0,0,0
1736,,434,76,0,1,1,0
1737,,435,44,1,3,2,0
1738,,435,47,1,1,1,0
1739,,435,26,1,2,0,0
1740,,435,62,1,0,0,0
1741,,436,31,0,4,1,1
1742,,436,19,0,2,0,1
1743,,436,75,1,0,0,1
1744,,436,11,1,5,2,1
1745,,437,34,0,1,1,0
1746,,437,54,0,4,1,0
1747,,437,17,0,2,0,0
1748,,437,90,0,0,0,0
1749,,438,70,0,1,1,1
1750,,438,5,0,2,0,1
1751,,438,75,0,0,0,1
1752,,438,44,1,5,1,1
1753,,439,30,0,5,2,0
1754,,439,14,0,2,0,0
1755,,439,52,1,3,2,0
1756,,439,95,1,0,0,0
1757,,440,17,0,5,2,1
1758,,440,95,1,2,0,1
1759,,440,35,0,0,0,1
1760,,440,41,0,1,1,1
1761,,441,47,0,3,2,1
1762,,441,26,1,2,0,1
1763,,441,70,0,1,1,1
1764,,441,62,1,0,0,1
1765,,442,54,1,3,2,0
1766,,442,28,1,0,0,0
1767,,442,62,1,2,0,0
1768,,442,76,0,5,0,0
1769,,443,47,0,4,1,1
1770,,443,19,0,2,0,1
1771,,443,44,0,5,2,1
1772,,443,92,0,0,0,1
1773,,444,48,0,2,0,0
1774,,444,19,1,1,1,0
1775,,444,65,0,0,0,0
1776,,444,9,1,5,2,0
1777,,445,14,0,4,1,1
1778,,445,9,0,2,0,1
1779,,445,50,0,1,1,1
1780,,445,62,1,0,0,1
1781,,446,11,0,5,0,0
1782,,446,14,0,2,0,0
1783,,446,90,1,5,0,0
1784,,446,28,0,1,1,0
1785,,447,69,1,2,0,1
1786,,447,35,0,1,1,1
1787,,447,93,0,4,1,1
1788,,447,62,0,0,0,1
1789,,448,50,1,5,1,0
1790,,448,41,1,2,0,0
1791,,448,75,1,0,0,0
1792,,448,54,1,1,1,0
1793,,449,35,0,1,1,1
1794,,449,50,1,2,0,1
1795,,449,28,0,4,1,1
1796,,449,75,0,0,0,1
1797,,450,42,0,4,1,0
1798,,450,50,0,5,0,0
1799,,450,75,0,0,0,0
1800,,450,44,0,2,0,0
1801,,451,18,1,2,0,1
1802,,451,69,0,4,1,1
1803,,451,53,1,1,1,1
1804,,451,62,0,0,0,1
1805,,452,93,0,5,2,0
1806,,452,44,0,4,1,0
1807,,452,95,0,0,0,0
1808,,452,42,0,1,1,0
1809,,453,25,0,3,2,0
1810,,453,2,0,1,1,0
1811,,453,53,0,2,0,0
1812,,453,62,0,0,0,0
1813,,454,28,0,4,1,1
1814,,454,50,0,1,1,1
1815,,454,90,1,0,0,1
1816,,454,14,0,5,2,1
1817,,455,5,0,3,0,1
1818,,455,28,0,5,0,1
1819,,455,47,0,2,0,1
1820,,455,102,0,0,0,1
1821,,456,34,1,1,1,0
1822,,456,5,0,4,1,0
1823,,456,75,1,0,0,0
1824,,456,93,1,2,0,0
1825,,457,25,1,2,0,1
1826,,457,9,1,1,1,1
1827,,457,53,0,4,1,1
1828,,457,90,1,0,0,1
1829,,458,41,0,5,2,0
1830,,458,36,1,2,0,0
1831,,458,90,0,0,0,0
1832,,458,54,0,4,1,0
1833,,459,31,0,3,0,0
1834,,459,14,0,1,1,0
1835,,459,47,0,2,0,0
1836,,459,90,1,0,0,0
1837,,460,44,0,5,0,1
1838,,460,30,1,1,1,1
1839,,460,65,1,0,0,1
1840,,460,71,0,2,0,1
1841,,461,70,0,1,1,0
1842,,461,25,1,2,0,0
1843,,461,35,0,4,1,0
1844,,461,102,1,0,0,0
1845,,462,76,0,1,1,1
1846,,462,26,0,3,2,1
1847,,462,90,1,5,0,1
1848,,462,28,0,2,0,1
1849,,463,31,0,5,2,1
1850,,463,53,0,3,0,1
1851,,463,30,1,2,0,1
1852,,463,92,1,0,0,1
1853,,464,20,1,5,2,0
1854,,464,53,0,2,0,0
1855,,464,62,1,0,0,0
1856,,464,50,1,1,1,0
1857,,465,17,0,1,1,1
1858,,465,5,0,2,0,1
1859,,465,69,0,3,2,1
1860,,465,92,1,0,0,1
1861,,466,2,1,5,0,0
1862,,466,19,0,2,0,0
1863,,466,90,0,0,0,0
1864,,466,28,0,4,1,0
1865,,467,30,1,3,2,1
1866,,467,28,1,2,0,1
1867,,467,5,0,1,1,1
1868,,467,92,1,0,0,1
1869,,468,47,0,5,0,0
1870,,468,44,0,2,0,0
1871,,468,65,1,0,0,0
1872,,468,35,1,1,1,0
1873,,469,44,0,3,2,1
1874,,469,25,1,1,1,1
1875,,469,53,1,2,0,1
1876,,469,102,1,0,0,1
1877,,470,30,0,4,1,0
1878,,470,54,0,1,1,0
1879,,470,65,1,5,0,0
1880,,470,36,1,2,0,0
1881,,471,19,0,1,1,0
1882,,471,30,0,3,0,0
1883,,471,42,0,2,0,0
1884,,471,90,1,0,0,0
1885,,472,36,0,3,2,1
1886,,472,34,0,2,0,1
1887,,472,75,1,5,0,1
1888,,472,17,1,1,1,1
1889,,473,53,0,2,0,0
1890,,473,43,0,3,2,0
1891,,473,30,0,5,2,0
1892,,473,44,1,0,0,0
1893,,474,53,1,1,1,1
1894,,474,65,0,5,2,1
1895,,474,30,0,0,0,1
1896,,474,31,1,3,2,1
1897,,475,65,0,2,0,0
1898,,475,69,0,5,0,0
1899,,475,93,0,3,2,0
1900,,475,92,0,1,1,0
1901,,476,54,0,2,0,1
1902,,476,30,1,5,0,1
1903,,476,65,0,3,2,1
1904,,476,52,0,1,1,1
1905,,477,2,1,5,0,0
1906,,477,90,0,1,1,0
1907,,477,36,0,4,1,0
1908,,477,93,1,0,0,0
1909,,478,75,0,2,0,1
1910,,478,5,0,3,2,1
1911,,478,42,1,5,0,1
1912,,478,9,0,1,1,1
1913,,479,75,0,5,0,0
1914,,479,26,1,0,0,0
1915,,479,30,1,1,1,0
1916,,479,2,0,4,1,0
1917,,480,71,0,0,0,1
1918,,480,30,1,2,0,1
1919,,480,90,0,5,2,1
1920,,480,70,0,1,1,1
1921,,481,90,0,0,0,1
1922,,481,65,0,2,0,1
1923,,481,28,0,3,2,1
1924,,481,50,0,5,0,1
1925,,482,5,0,2,0,0
1926,,482,31,0,3,2,0
1927,,482,65,1,0,0,0
1928,,482,48,0,5,2,0
1929,,483,95,1,0,0,1
1930,,483,9,1,5,0,1
1931,,483,54,1,1,1,1
1932,,483,17,0,4,1,1
1933,,484,9,1,2,0,0
1934,,484,35,0,1,1,0
1935,,484,90,1,5,0,0
1936,,484,2,0,5,0,0
1937,,485,92,1,0,0,1
1938,,485,17,0,1,1,1
1939,,485,5,0,2,0,1
1940,,485,69,1,3,2,1
1941,,486,2,0,1,1,0
1942,,486,19,1,2,0,0
1943,,486,90,1,0,0,0
1944,,486,28,0,5,0,0
1945,,487,36,1,0,0,1
1946,,487,25,1,3,2,1
1947,,487,19,1,2,0,1
1948,,487,92,0,1,1,1
1949,,488,53,0,5,0,0
1950,,488,44,0,2,0,0
1951,,488,62,1,0,0,0
1952,,488,70,1,1,1,0
1953,,489,47,1,1,1,0
1954,,489,36,0,3,0,0
1955,,489,26,0,2,0,0
1956,,489,95,1,0,0,0
1957,,490,44,0,2,0,1
1958,,490,41,0,1,1,1
1959,,490,62,0,0,0,1
1960,,490,25,0,5,2,1
1961,,491,30,0,4,1,0
1962,,491,28,1,1,1,0
1963,,491,5,0,2,0,0
1964,,491,92,1,0,0,0
1965,,492,47,0,1,1,1
1966,,492,44,0,5,0,1
1967,,492,65,0,0,0,1
1968,,492,35,0,3,0,1
1969,,493,44,0,3,2,1
1970,,493,25,1,1,1,1
1971,,493,53,1,2,0,1
1972,,493,102,1,0,0,1
1973,,494,30,0,4,1,0
1974,,494,54,0,1,1,0
1975,,494,65,1,5,0,0
1976,,494,36,1,2,0,0
1977,,495,28,0,1,1,0
1978,,495,35,0,3,0,0
1979,,495,17,0,2,0,0
1980,,495,95,1,0,0,0
1981,,496,15,0,3,2,1
1982,,496,17,0,2,0,1
1983,,496,90,1,5,0,1
1984,,496,35,1,1,1,1
1985,,497,47,1,1,1,0
1986,,497,70,1,2,0,0
1987,,497,5,1,3,2,0
1988,,497,52,1,0,0,0
1989,,498,31,1,5,2,1
1990,,498,50,1,3,2,1
1991,,498,75,1,0,0,1
1992,,498,42,1,2,0,1
1993,,499,35,0,4,1,1
1994,,499,47,0,5,2,1
1995,,499,28,1,2,0,1
1996,,499,102,0,1,1,1
1997,,500,36,0,1,1,0
1998,,500,25,0,4,1,0
1999,,500,90,0,0,0,0
2000,,500,20,0,5,2,0